,Unnamed: 0,date,cusip,dcm_security_id
3678536,3678536,2023-05-26,00846U101,24757
3678537,3678537,2023-05-26,013872106,50428
3678538,3678538,2023-05-26,02376R102,45971
3678539,3678539,2023-05-26,00751Y106,23175
3678540,3678540,2023-05-26,037833100,24
3678541,3678541,2023-05-26,00287Y109,43694
3678542,3678542,2023-05-26,03073E105,22954
3678543,3678543,2023-05-26,009066101,55435
3678544,3678544,2023-05-26,002824100,62
3678545,3678545,2023-05-26,G0450A105,21462
3678546,3678546,2023-05-26,00404A109,42091
3678547,3678547,2023-05-26,013091103,54335
3678548,3678548,2023-05-26,00766T100,33831
3678549,3678549,2023-05-26,G1151C101,25555
3678550,3678550,2023-05-26,00724F101,114
3678551,3678551,2023-05-26,032654105,122
3678552,3678552,2023-05-26,039483102,128
3678553,3678553,2023-05-26,053015103,630
3678554,3678554,2023-05-26,052769106,67
3678555,3678555,2023-05-26,00090Q103,51649
3678556,3678556,2023-05-26,023608102,24783
3678557,3678557,2023-05-26,025537101,161
3678558,3678558,2023-05-26,00130H105,166
3678559,3678559,2023-05-26,025932104,12980
3678560,3678560,2023-05-26,001055102,185
3678561,3678561,2023-05-26,00827B106,55702
3678562,3678562,2023-05-26,001084102,197
3678563,3678563,2023-05-26,00857U107,56921
3678564,3678564,2023-05-26,00123Q104,36243
3678565,3678565,2023-05-26,G0585R106,26211
3678566,3678566,2023-05-26,05351W103,49666
3678567,3678567,2023-05-26,026874784,239
3678568,3678568,2023-05-26,03750L109,55384
3678569,3678569,2023-05-26,04621X108,25955
3678570,3678570,2023-05-26,363576109,266
3678571,3678571,2023-05-26,00971T101,20680
3678572,3678572,2023-05-26,00912X302,41280
3678573,3678573,2023-05-26,012653101,10898
3678574,3678574,2023-05-26,01749D105,55096
3678575,3678575,2023-05-26,016255101,22355
3678576,3678576,2023-05-26,011659109,300
3678577,3678577,2023-05-26,020002101,24838
3678578,3678578,2023-05-26,G0176J109,45874
3678579,3678579,2023-05-26,02005N100,46015
3678580,3678580,2023-05-26,02043Q107,26335
3678581,3678581,2023-05-26,01973R101,42637
3678582,3678582,2023-05-26,03676B102,50835
3678583,3678583,2023-05-26,038222105,337
3678584,3678584,2023-05-26,L02235106,54827
3678585,3678585,2023-05-26,00165C104,46027
3678586,3678586,2023-05-26,G0250X107,53244
3678587,3678587,2023-05-26,007903107,351
3678588,3678588,2023-05-26,031100100,353
3678589,3678589,2023-05-26,023436108,25392
3678590,3678590,2023-05-26,008252108,17800
3678591,3678591,2023-05-26,031162100,368
3678592,3678592,2023-05-26,02665T306,45197
3678593,3678593,2023-05-26,03076C106,27676
3678594,3678594,2023-05-26,03027X100,24760
3678595,3678595,2023-05-26,023135106,16841
3678596,3678596,2023-05-26,05329W102,410
3678597,3678597,2023-05-26,040413106,47063
3678598,3678598,2023-05-26,03662Q105,15071
3678599,3678599,2023-05-26,G0403H108,438
3678600,3678600,2023-05-26,831865209,6949
3678601,3678601,2023-05-26,03743Q108,448
3678602,3678602,2023-05-26,009158106,460
3678603,3678603,2023-05-26,032095101,465
3678604,3678604,2023-05-26,03769M106,41150
3678605,3678605,2023-05-26,03831W108,56910
3678606,3678606,2023-05-26,G6095L109,42173
3678607,3678607,2023-05-26,03674X106,45618
3678608,3678608,2023-05-26,015271109,16843
3678609,3678609,2023-05-26,03990B101,46843
3678610,3678610,2023-05-26,03852U106,45992
3678611,3678611,2023-05-26,042735100,538
3678612,3678612,2023-05-26,044186104,559
3678613,3678613,2023-05-26,049560105,612
3678614,3678614,2023-05-26,038336103,8783
3678615,3678615,2023-05-26,02156K103,50970
3678616,3678616,2023-05-26,00507V109,9883
3678617,3678617,2023-05-26,053484101,18834
3678618,3678618,2023-05-26,11135F101,38650
3678619,3678619,2023-05-26,053807103,661
3678620,3678620,2023-05-26,05352A100,53181
3678621,3678621,2023-05-26,053611109,663
3678622,3678622,2023-05-26,04247X102,32690
3678623,3678623,2023-05-26,030420103,36098
3678624,3678624,2023-05-26,05464C101,22846
3678625,3678625,2023-05-26,025816109,679
3678626,3678626,2023-05-26,G0692U109,25305
3678627,3678627,2023-05-26,G0750C108,48065
3678628,3678628,2023-05-26,00508Y102,23276
3678629,3678629,2023-05-26,02156B103,50735
3678630,3678630,2023-05-26,05478C105,54251
3678631,3678631,2023-05-26,053332102,693
3678632,3678632,2023-05-26,29109X106,11999
3678633,3678633,2023-05-26,114340102,12512
3678634,3678634,2023-05-26,097023105,698
3678635,3678635,2023-05-26,060505104,700
3678636,3678636,2023-05-26,099502106,40420
3678637,3678637,2023-05-26,058498106,939
3678638,3678638,2023-05-26,071813109,734
3678639,3678639,2023-05-26,070830104,4564
3678640,3678640,2023-05-26,086516101,754
3678641,3678641,2023-05-26,117043109,755
3678642,3678642,2023-05-26,075887109,794
3678643,3678643,2023-05-26,354613101,812
3678644,3678644,2023-05-26,11284V105,54435
3678645,3678645,2023-05-26,08579W103,43476
3678646,3678646,2023-05-26,115637100,821
3678647,3678647,2023-05-26,115637209,822
3678648,3678648,2023-05-26,109194100,44017
3678649,3678649,2023-05-26,G16962105,22959
3678650,3678650,2023-05-26,10922N103,51046
3678651,3678651,2023-05-26,09062X103,3806
3678652,3678652,2023-05-26,090043100,53775
3678653,3678653,2023-05-26,090572207,879
3678654,3678654,2023-05-26,05550J101,52159
3678655,3678655,2023-05-26,064058100,903
3678656,3678656,2023-05-26,09215C105,51205
3678657,3678657,2023-05-26,09857L108,19917
3678658,3678658,2023-05-26,05722G100,51012
3678659,3678659,2023-05-26,89055F103,49207
3678660,3678660,2023-05-26,12008R107,27369
3678661,3678661,2023-05-26,09247X101,20689
3678662,3678662,2023-05-26,09061G101,20330
3678663,3678663,2023-05-26,110122108,980
3678664,3678664,2023-05-26,062540109,1023
3678665,3678665,2023-05-26,05561Q201,1024
3678666,3678666,2023-05-26,733174700,1062
3678667,3678667,2023-05-26,11133T103,33562
3678668,3678668,2023-05-26,084670702,11100
3678669,3678669,2023-05-26,116794108,25307
3678670,3678670,2023-05-26,115236101,1097
3678671,3678671,2023-05-26,11120U105,45755
3678672,3678672,2023-05-26,101137107,1131
3678673,3678673,2023-05-26,08265T208,54775
3678674,3678674,2023-05-26,122017106,45558
3678675,3678675,2023-05-26,099724106,9514
3678676,3678676,2023-05-26,05605H100,39885
3678677,3678677,2023-05-26,09260D107,34067
3678678,3678678,2023-05-26,101121101,17009
3678679,3678679,2023-05-26,103304101,9888
3678680,3678680,2023-05-26,172967424,1335
3678681,3678681,2023-05-26,12685J105,49204
3678682,3678682,2023-05-26,225310101,1216
3678683,3678683,2023-05-26,127190304,1218
3678684,3678684,2023-05-26,205887102,1228
3678685,3678685,2023-05-26,14149Y108,1376
3678686,3678686,2023-05-26,053774105,17991
3678687,3678687,2023-05-26,14448C104,54057
3678688,3678688,2023-05-26,147528103,1266
3678689,3678689,2023-05-26,149123101,1267
3678690,3678690,2023-05-26,H1467J104,8580
3678691,3678691,2023-05-26,12503M108,39773
3678692,3678692,2023-05-26,12504L109,26367
3678693,3678693,2023-05-26,200525103,1312
3678694,3678694,2023-05-26,163851108,49210
3678695,3678695,2023-05-26,12510Q100,54899
3678696,3678696,2023-05-26,22822V101,19258
3678697,3678697,2023-05-26,228368106,1343
3678698,3678698,2023-05-26,143658300,24692
3678699,3678699,2023-05-26,15677J108,51955
3678700,3678700,2023-05-26,127387108,1385
3678701,3678701,2023-05-26,12514G108,45007
3678702,3678702,2023-05-26,150870103,26960
3678703,3678703,2023-05-26,21037T109,59459
3678704,3678704,2023-05-26,15687V109,55426
3678705,3678705,2023-05-26,125269100,27558
3678706,3678706,2023-05-26,174610105,47777
3678707,3678707,2023-05-26,20717M103,57615
3678708,3678708,2023-05-26,229899109,1427
3678709,3678709,2023-05-26,14316J108,42892
3678710,3678710,2023-05-26,192422103,1460
3678711,3678711,2023-05-26,171340102,1482
3678712,3678712,2023-05-26,171484108,8613
3678713,3678713,2023-05-26,16359R103,26305
3678714,3678714,2023-05-26,169905106,24865
3678715,3678715,2023-05-26,165167735,56066
3678716,3678716,2023-05-26,15961R105,53487
3678717,3678717,2023-05-26,12541W209,17632
3678718,3678718,2023-05-26,16119P108,39095
3678719,3678719,2023-05-26,125523100,1539
3678720,3678720,2023-05-26,171779309,16453
3678721,3678721,2023-05-26,172062101,1551
3678722,3678722,2023-05-26,194162103,1582
3678723,3678723,2023-05-26,185899101,1595
3678724,3678724,2023-05-26,184496107,1597
3678725,3678725,2023-05-26,G21810109,52586
3678726,3678726,2023-05-26,189054109,1616
3678727,3678727,2023-05-26,200340107,1620
3678728,3678728,2023-05-26,20030N101,1637
3678729,3678729,2023-05-26,12572Q105,24475
3678730,3678730,2023-05-26,169656105,28016
3678731,3678731,2023-05-26,231021106,1985
3678732,3678732,2023-05-26,125896100,1665
3678733,3678733,2023-05-26,126117100,1684
3678734,3678734,2023-05-26,15135B101,23283
3678735,3678735,2023-05-26,21874C102,57874
3678736,3678736,2023-05-26,15189T107,24064
3678737,3678737,2023-05-26,20602D101,55212
3678738,3678738,2023-05-26,14040H105,12160
3678739,3678739,2023-05-26,19247G107,3854
3678740,3678740,2023-05-26,19260Q107,56905
3678741,3678741,2023-05-26,197236102,1755
3678742,3678742,2023-05-26,03064D108,51651
3678743,3678743,2023-05-26,198516106,18403
3678744,3678744,2023-05-26,216648402,1769
3678745,3678745,2023-05-26,20825C104,23998
3678746,3678746,2023-05-26,22160K105,1787
3678747,3678747,2023-05-26,222070203,44909
3678748,3678748,2023-05-26,P31076105,27908
3678749,3678749,2023-05-26,134429109,1795
3678750,3678750,2023-05-26,G1890L107,42270
3678751,3678751,2023-05-26,217204106,10931
3678752,3678752,2023-05-26,133131102,9348
3678753,3678753,2023-05-26,21871X109,60562
3678754,3678754,2023-05-26,146229109,25576
3678755,3678755,2023-05-26,159864107,21605
3678756,3678756,2023-05-26,79466L302,26401
3678757,3678757,2023-05-26,172755100,1882
3678758,3678758,2023-05-26,22788C105,53248
3678759,3678759,2023-05-26,17275R102,1900
3678760,3678760,2023-05-26,22160N109,20475
3678761,3678761,2023-05-26,142339100,1909
3678762,3678762,2023-05-26,126408103,1937
3678763,3678763,2023-05-26,172908105,1941
3678764,3678764,2023-05-26,148806102,47414
3678765,3678765,2023-05-26,127097103,1746
3678766,3678766,2023-05-26,192446102,18870
3678767,3678767,2023-05-26,22052L104,53196
3678768,3678768,2023-05-26,229663109,26733
3678769,3678769,2023-05-26,222795502,1995
3678770,3678770,2023-05-26,146869102,50807
3678771,3678771,2023-05-26,126650100,4799
3678772,3678772,2023-05-26,166764100,23112
3678773,3678773,2023-05-26,231561101,2015
3678774,3678774,2023-05-26,224441105,1835
3678775,3678775,2023-05-26,12769G100,47743
3678776,3678776,2023-05-26,25746U109,2071
3678777,3678777,2023-05-26,247361702,33729
3678778,3678778,2023-05-26,237266101,11908
3678779,3678779,2023-05-26,25809K105,55420
3678780,3678780,2023-05-26,26210C104,51854
3678781,3678781,2023-05-26,257651109,2109
3678782,3678782,2023-05-26,26614N102,51157
3678783,3678783,2023-05-26,23804L103,53511
3678784,3678784,2023-05-26,244199105,2127
3678785,3678785,2023-05-26,243537107,9909
3678786,3678786,2023-05-26,25960P109,32770
3678787,3678787,2023-05-26,24703L202,52747
3678788,3678788,2023-05-26,254709108,34011
3678789,3678789,2023-05-26,256677105,38936
3678790,3678790,2023-05-26,74834L100,16348
3678791,3678791,2023-05-26,24477E103,58214
3678792,3678792,2023-05-26,23331A109,2298
3678793,3678793,2023-05-26,235851102,2170
3678794,3678794,2023-05-26,403949100,3620
3678795,3678795,2023-05-26,254687106,2190
3678796,3678796,2023-05-26,25470M109,13017
3678797,3678797,2023-05-26,26142V105,53325
3678798,3678798,2023-05-26,253393102,24070
3678799,3678799,2023-05-26,25659T107,27046
3678800,3678800,2023-05-26,253868103,26758
3678801,3678801,2023-05-26,256746108,12652
3678802,3678802,2023-05-26,37611X100,56980
3678803,3678803,2023-05-26,26484T106,54340
3678804,3678804,2023-05-26,26622P107,57613
3678805,3678805,2023-05-26,256163106,51937
3678806,3678806,2023-05-26,260003108,2262
3678807,3678807,2023-05-26,260557103,52991
3678808,3678808,2023-05-26,G02602103,18875
3678809,3678809,2023-05-26,25754A201,26466
3678810,3678810,2023-05-26,237194105,12882
3678811,3678811,2023-05-26,26210V102,55733
3678812,3678812,2023-05-26,268150109,53403
3678813,3678813,2023-05-26,233331107,2330
3678814,3678814,2023-05-26,23345M107,57551
3678815,3678815,2023-05-26,26441C204,2351
3678816,3678816,2023-05-26,25862V105,56997
3678817,3678817,2023-05-26,23918K108,22110
3678818,3678818,2023-05-26,25179M103,2368
3678819,3678819,2023-05-26,23355L106,50716
3678820,3678820,2023-05-26,252131107,27173
3678821,3678821,2023-05-26,285512109,2602
3678822,3678822,2023-05-26,278642103,24819
3678823,3678823,2023-05-26,278865100,2427
3678824,3678824,2023-05-26,209115104,2434
3678825,3678825,2023-05-26,298736109,16609
3678826,3678826,2023-05-26,294429105,2465
3678827,3678827,2023-05-26,277276101,2471
3678828,3678828,2023-05-26,29332G102,60297
3678829,3678829,2023-05-26,29261A100,3661
3678830,3678830,2023-05-26,281020107,14372
3678831,3678831,2023-05-26,518439104,13841
3678832,3678832,2023-05-26,28414H103,52424
3678833,3678833,2023-05-26,29472R108,8516
3678834,3678834,2023-05-26,036752103,23103
3678835,3678835,2023-05-26,277432100,10594
3678836,3678836,2023-05-26,291011104,2530
3678837,3678837,2023-05-26,194014502,36176
3678838,3678838,2023-05-26,29355A107,42749
3678839,3678839,2023-05-26,29362U104,21754
3678840,3678840,2023-05-26,26875P101,2564
3678841,3678841,2023-05-26,29414B104,42463
3678842,3678842,2023-05-26,26884U109,17847
3678843,3678843,2023-05-26,29444U700,24482
3678844,3678844,2023-05-26,29476L107,9540
3678845,3678845,2023-05-26,26884L109,2587
3678846,3678846,2023-05-26,29530P102,13639
3678847,3678847,2023-05-26,30040W108,5484
3678848,3678848,2023-05-26,29605J106,59863
3678849,3678849,2023-05-26,28618M106,45531
3678850,3678850,2023-05-26,297178105,11465
3678851,3678851,2023-05-26,N14506104,52494
3678852,3678852,2023-05-26,G29183103,2633
3678853,3678853,2023-05-26,29364G103,2637
3678854,3678854,2023-05-26,29786A106,48934
3678855,3678855,2023-05-26,29415B103,48972
3678856,3678856,2023-05-26,29977A105,32483
3678857,3678857,2023-05-26,30034W106,52064
3678858,3678858,2023-05-26,28176E108,21382
3678859,3678859,2023-05-26,27579R104,19787
3678860,3678860,2023-05-26,30063P105,22364
3678861,3678861,2023-05-26,30161N101,22114
3678862,3678862,2023-05-26,30161Q104,21383
3678863,3678863,2023-05-26,26969P108,11120
3678864,3678864,2023-05-26,302130109,2663
3678865,3678865,2023-05-26,30212P303,27543
3678866,3678866,2023-05-26,30225T102,26566
3678867,3678867,2023-05-26,345370860,2673
3678868,3678868,2023-05-26,31847R102,39664
3678869,3678869,2023-05-26,25278X109,43512
3678870,3678870,2023-05-26,311900104,2696
3678871,3678871,2023-05-26,34964C106,41928
3678872,3678872,2023-05-26,302941109,14927
3678873,3678873,2023-05-26,31946M103,2739
3678874,3678874,2023-05-26,35671D857,13197
3678875,3678875,2023-05-26,303075105,15129
3678876,3678876,2023-05-26,31428X106,2765
3678877,3678877,2023-05-26,337932107,17850
3678878,3678878,2023-05-26,315616102,20208
3678879,3678879,2023-05-26,30190A104,60789
3678880,3678880,2023-05-26,32051X108,50181
3678881,3678881,2023-05-26,320517105,26204
3678882,3678882,2023-05-26,303250104,2837
3678883,3678883,2023-05-26,31620M106,22876
3678884,3678884,2023-05-26,337738108,2853
3678885,3678885,2023-05-26,316773100,2855
3678886,3678886,2023-05-26,33829M101,43201
3678887,3678887,2023-05-26,338307101,46695
3678888,3678888,2023-05-26,343498101,2876
3678889,3678889,2023-05-26,34354P105,17207
3678890,3678890,2023-05-26,339041105,40597
3678891,3678891,2023-05-26,302491303,2893
3678892,3678892,2023-05-26,302520101,2701
3678893,3678893,2023-05-26,339750101,50798
3678894,3678894,2023-05-26,31620R303,47177
3678895,3678895,2023-05-26,82452J109,54225
3678896,3678896,2023-05-26,35137L204,52969
3678897,3678897,2023-05-26,35137L105,52968
3678898,3678898,2023-05-26,32054K103,11478
3678899,3678899,2023-05-26,358039105,48038
3678900,3678900,2023-05-26,313745101,3010
3678901,3678901,2023-05-26,336433107,32902
3678902,3678902,2023-05-26,34959E109,38965
3678903,3678903,2023-05-26,34959J108,50049
3678904,3678904,2023-05-26,531229870,49885
3678905,3678905,2023-05-26,531229854,47272
3678906,3678906,2023-05-26,35909D109,57162
3678907,3678907,2023-05-26,G3922B107,34442
3678908,3678908,2023-05-26,369550108,3136
3678909,3678909,2023-05-26,380237107,48863
3678910,3678910,2023-05-26,369604301,3149
3678911,3678911,2023-05-26,36266G107,60853
3678912,3678912,2023-05-26,668771108,7272
3678913,3678913,2023-05-26,G39387108,58685
3678914,3678914,2023-05-26,384109104,3190
3678915,3678915,2023-05-26,40131M109,52491
3678916,3678916,2023-05-26,375558103,3212
3678917,3678917,2023-05-26,370334104,3214
3678918,3678918,2023-05-26,37959E102,7488
3678919,3678919,2023-05-26,L44385109,47330
3678920,3678920,2023-05-26,36467J108,45656
3678921,3678921,2023-05-26,219350105,3241
3678922,3678922,2023-05-26,37045V100,40430
3678923,3678923,2023-05-26,36467W109,23438
3678924,3678924,2023-05-26,379577208,43252
3678925,3678925,2023-05-26,368736104,39208
3678926,3678926,2023-05-26,371901109,3286
3678927,3678927,2023-05-26,39874R101,53273
3678928,3678928,2023-05-26,02079K107,46631
3678929,3678929,2023-05-26,02079K305,26578
3678930,3678930,2023-05-26,372460105,3306
3678931,3678931,2023-05-26,388689101,25429
3678932,3678932,2023-05-26,37940X102,22443
3678933,3678933,2023-05-26,364760108,3321
3678934,3678934,2023-05-26,H2906T109,22316
3678935,3678935,2023-05-26,38141G104,20088
3678936,3678936,2023-05-26,G39108108,51693
3678937,3678937,2023-05-26,40171V100,42402
3678938,3678938,2023-05-26,384802104,3421
3678939,3678939,2023-05-26,36262G101,57860
3678940,3678940,2023-05-26,448579102,38909
3678941,3678941,2023-05-26,406216101,3443
3678942,3678942,2023-05-26,418056107,3460
3678943,3678943,2023-05-26,421298100,56464
3678944,3678944,2023-05-26,446150104,3472
3678945,3678945,2023-05-26,410345102,32497
3678946,3678946,2023-05-26,40412C101,41047
3678947,3678947,2023-05-26,437076102,3496
3678948,3678948,2023-05-26,419870100,3509
3678949,3678949,2023-05-26,422806109,3519
3678950,3678950,2023-05-26,422806208,18568
3678951,3678951,2023-05-26,42809H107,216
3678952,3678952,2023-05-26,44267D107,40378
3678953,3678953,2023-05-26,416515104,14064
3678954,3678954,2023-05-26,446413106,41111
3678955,3678955,2023-05-26,431284108,11492
3678956,3678956,2023-05-26,43300A203,45993
3678957,3678957,2023-05-26,412822108,3499
3678958,3678958,2023-05-26,436440101,3629
3678959,3678959,2023-05-26,438516106,25090
3678960,3678960,2023-05-26,770700102,57921
3678961,3678961,2023-05-26,42824C109,49506
3678962,3678962,2023-05-26,444097109,39816
3678963,3678963,2023-05-26,40434L105,3735
3678964,3678964,2023-05-26,42226K105,43032
3678965,3678965,2023-05-26,093671105,3660
3678966,3678966,2023-05-26,440452100,3668
3678967,3678967,2023-05-26,806407102,13862
3678968,3678968,2023-05-26,44107P104,9947
3678969,3678969,2023-05-26,427866108,3695
3678970,3678970,2023-05-26,42806J700,58808
3678971,3678971,2023-05-26,443510607,3714
3678972,3678972,2023-05-26,443573100,47872
3678973,3678973,2023-05-26,444859102,3718
3678974,3678974,2023-05-26,447011107,27030
3678975,3678975,2023-05-26,443201108,2
3678976,3678976,2023-05-26,428291108,3738
3678977,3678977,2023-05-26,G46188101,41766
3678978,3678978,2023-05-26,44891N208,54352
3678979,3678979,2023-05-26,457985208,18727
3678980,3678980,2023-05-26,45841N107,33807
3678981,3678981,2023-05-26,459200101,3766
3678982,3678982,2023-05-26,45866F104,27809
3678983,3678983,2023-05-26,44930G107,3796
3678984,3678984,2023-05-26,451107106,3798
3678985,3678985,2023-05-26,45168D104,3810
3678986,3678986,2023-05-26,45167R104,3816
3678987,3678987,2023-05-26,459506101,3822
3678988,3678988,2023-05-26,452327109,21774
3678989,3678989,2023-05-26,45337C102,10187
3678990,3678990,2023-05-26,45674M101,58663
3678991,3678991,2023-05-26,457187102,18142
3678992,3678992,2023-05-26,458140100,3951
3678993,3678993,2023-05-26,461202103,8655
3678994,3678994,2023-05-26,46187W107,50642
3678995,3678995,2023-05-26,462222100,4031
3678996,3678996,2023-05-26,460146103,3971
3678997,3678997,2023-05-26,460690100,3990
3678998,3678998,2023-05-26,44980X109,33033
3678999,3678999,2023-05-26,46266C105,44692
3679000,3679000,2023-05-26,45687V106,50869
3679001,3679001,2023-05-26,46284V101,14388
3679002,3679002,2023-05-26,46120E602,25339
3679003,3679003,2023-05-26,366651107,9930
3679004,3679004,2023-05-26,45073V108,14081
3679005,3679005,2023-05-26,452308109,4080
3679006,3679006,2023-05-26,G491BT108,16589
3679007,3679007,2023-05-26,46982L108,4120
3679008,3679008,2023-05-26,47074L105,54419
3679009,3679009,2023-05-26,G50871105,33959
3679010,3679010,2023-05-26,46590V100,51016
3679011,3679011,2023-05-26,445658107,4108
3679012,3679012,2023-05-26,466313103,8831
3679013,3679013,2023-05-26,477143101,23599
3679014,3679014,2023-05-26,G51502105,7679
3679015,3679015,2023-05-26,47233W109,4580
3679016,3679016,2023-05-26,G4474Y214,50910
3679017,3679017,2023-05-26,426281101,4141
3679018,3679018,2023-05-26,48020Q107,19898
3679019,3679019,2023-05-26,478160104,4151
3679020,3679020,2023-05-26,48203R104,20239
3679021,3679021,2023-05-26,46625H100,25006
3679022,3679022,2023-05-26,655664100,5382
3679023,3679023,2023-05-26,487836108,4192
3679024,3679024,2023-05-26,48242W106,32880
3679025,3679025,2023-05-26,50155Q100,58628
3679026,3679026,2023-05-26,49271V100,36118
3679027,3679027,2023-05-26,497266106,4220
3679028,3679028,2023-05-26,493267108,4221
3679029,3679029,2023-05-26,49338L103,47921
3679030,3679030,2023-05-26,500754106,49229
3679031,3679031,2023-05-26,49446R109,4238
3679032,3679032,2023-05-26,48251W104,39905
3679033,3679033,2023-05-26,482480100,4246
3679034,3679034,2023-05-26,494368103,4263
3679035,3679035,2023-05-26,49456B101,40852
3679036,3679036,2023-05-26,488401100,7795
3679037,3679037,2023-05-26,143130102,16511
3679038,3679038,2023-05-26,499049104,40606
3679039,3679039,2023-05-26,191216100,4283
3679040,3679040,2023-05-26,501044101,4297
3679041,3679041,2023-05-26,49427F108,16374
3679042,3679042,2023-05-26,500255104,4313
3679043,3679043,2023-05-26,540424108,4569
3679044,3679044,2023-05-26,536797103,16238
3679045,3679045,2023-05-26,512816109,15516
3679046,3679046,2023-05-26,G54050102,27223
3679047,3679047,2023-05-26,530307107,48009
3679048,3679048,2023-05-26,530307305,48010
3679049,3679049,2023-05-26,549498103,54735
3679050,3679050,2023-05-26,525327102,32714
3679051,3679051,2023-05-26,521865204,38921
3679052,3679052,2023-05-26,533900106,24824
3679053,3679053,2023-05-26,524660107,4415
3679054,3679054,2023-05-26,526057104,4417
3679055,3679055,2023-05-26,526057302,24731
3679056,3679056,2023-05-26,527064109,55100
3679057,3679057,2023-05-26,537008104,4433
3679058,3679058,2023-05-26,50540R409,12909
3679059,3679059,2023-05-26,502431109,3676
3679060,3679060,2023-05-26,526107107,24767
3679061,3679061,2023-05-26,55024U109,49288
3679062,3679062,2023-05-26,501889208,25598
3679063,3679063,2023-05-26,532457108,4487
3679064,3679064,2023-05-26,539830109,12691
3679065,3679065,2023-05-26,534187109,4498
3679066,3679066,2023-05-26,16411R208,22096
3679067,3679067,2023-05-26,018802108,18584
3679068,3679068,2023-05-26,38526M106,37686
3679069,3679069,2023-05-26,548661107,4521
3679070,3679070,2023-05-26,50212V100,40445
3679071,3679071,2023-05-26,546347105,4531
3679072,3679072,2023-05-26,512807108,4537
3679073,3679073,2023-05-26,518415104,4549
3679074,3679074,2023-05-26,53223X107,24823
3679075,3679075,2023-05-26,515098101,8667
3679076,3679076,2023-05-26,531229409,49881
3679077,3679077,2023-05-26,531229607,49883
3679078,3679078,2023-05-26,550021109,34395
3679079,3679079,2023-05-26,550241103,1960
3679080,3679080,2023-05-26,844741108,4589
3679081,3679081,2023-05-26,517834107,26882
3679082,3679082,2023-05-26,513272104,50430
3679083,3679083,2023-05-26,N53745100,39546
3679084,3679084,2023-05-26,55087P104,53023
3679085,3679085,2023-05-26,538034109,27943
3679086,3679086,2023-05-26,55616P104,2754
3679087,3679087,2023-05-26,57636Q104,32146
3679088,3679088,2023-05-26,59522J103,10639
3679089,3679089,2023-05-26,56418H100,4654
3679090,3679090,2023-05-26,562750109,18588
3679091,3679091,2023-05-26,571903202,25920
3679092,3679092,2023-05-26,574599106,4665
3679093,3679093,2023-05-26,574795100,34501
3679094,3679094,2023-05-26,577081102,4668
3679095,3679095,2023-05-26,57638P104,60856
3679096,3679096,2023-05-26,580135101,4707
3679097,3679097,2023-05-26,595017104,8677
3679098,3679098,2023-05-26,58155Q103,12350
3679099,3679099,2023-05-26,615369105,22139
3679100,3679100,2023-05-26,60646V105,57627
3679101,3679101,2023-05-26,60937P106,51314
3679102,3679102,2023-05-26,609207105,22802
3679103,3679103,2023-05-26,G5960L103,4758
3679104,3679104,2023-05-26,552690109,4760
3679105,3679105,2023-05-26,59156R108,21418
3679106,3679106,2023-05-26,30303M102,42950
3679107,3679107,2023-05-26,552953101,4831
3679108,3679108,2023-05-26,608190104,4963
3679109,3679109,2023-05-26,596278101,4695
3679110,3679110,2023-05-26,579780206,4705
3679111,3679111,2023-05-26,570535104,4649
3679112,3679112,2023-05-26,55306N104,19909
3679113,3679113,2023-05-26,57060D108,26781
3679114,3679114,2023-05-26,573284106,10796
3679115,3679115,2023-05-26,571748102,4914
3679116,3679116,2023-05-26,88579Y101,4922
3679117,3679117,2023-05-26,61174X109,3450
3679118,3679118,2023-05-26,02209S103,4954
3679119,3679119,2023-05-26,60855R100,25349
3679120,3679120,2023-05-26,617700109,27216
3679121,3679121,2023-05-26,61945C103,41462
3679122,3679122,2023-05-26,553368101,54301
3679123,3679123,2023-05-26,56585A102,41636
3679124,3679124,2023-05-26,58463J304,27443
3679125,3679125,2023-05-26,609839105,26811
3679126,3679126,2023-05-26,589378108,18183
3679127,3679127,2023-05-26,58933Y105,5029
3679128,3679128,2023-05-26,60770K107,52751
3679129,3679129,2023-05-26,565849106,5035
3679130,3679130,2023-05-26,60468T105,45080
3679131,3679131,2023-05-26,56600D107,55269
3679132,3679132,2023-05-26,573874104,21666
3679133,3679133,2023-05-26,617446448,17080
3679134,3679134,2023-05-26,553498106,4939
3679135,3679135,2023-05-26,55354G100,35078
3679136,3679136,2023-05-26,594918104,5061
3679137,3679137,2023-05-26,55825T103,49458
3679138,3679138,2023-05-26,620076307,4974
3679139,3679139,2023-05-26,553530106,5066
3679140,3679140,2023-05-26,55261F104,5117
3679141,3679141,2023-05-26,57667L107,54353
3679142,3679142,2023-05-26,592688105,17895
3679143,3679143,2023-05-26,552848103,5092
3679144,3679144,2023-05-26,91879Q109,24799
3679145,3679145,2023-05-26,576323109,4667
3679146,3679146,2023-05-26,595112103,5121
3679147,3679147,2023-05-26,636518102,12701
3679148,3679148,2023-05-26,64125C109,14972
3679149,3679149,2023-05-26,G66721104,43981
3679150,3679150,2023-05-26,63947X101,54382
3679151,3679151,2023-05-26,62886E108,16389
3679152,3679152,2023-05-26,631103108,27026
3679153,3679153,2023-05-26,655663102,5253
3679154,3679154,2023-05-26,65339F101,2968
3679155,3679155,2023-05-26,651639106,5261
3679156,3679156,2023-05-26,18915M107,53480
3679157,3679157,2023-05-26,651587107,26395
3679158,3679158,2023-05-26,64829B100,48253
3679159,3679159,2023-05-26,644393100,52831
3679160,3679160,2023-05-26,636180101,5284
3679161,3679161,2023-05-26,64110L106,23709
3679162,3679162,2023-05-26,65473P105,5310
3679163,3679163,2023-05-26,654106103,5328
3679164,3679164,2023-05-26,035710839,17702
3679165,3679165,2023-05-26,637417106,5376
3679166,3679166,2023-05-26,666807102,5387
3679167,3679167,2023-05-26,62955J103,24809
3679168,3679168,2023-05-26,81762P102,43127
3679169,3679169,2023-05-26,629377508,26143
3679170,3679170,2023-05-26,637870106,48969
3679171,3679171,2023-05-26,655844108,5442
3679172,3679172,2023-05-26,64110D104,13905
3679173,3679173,2023-05-26,67059N108,50338
3679174,3679174,2023-05-26,632307104,49236
3679175,3679175,2023-05-26,665859104,5479
3679176,3679176,2023-05-26,670346105,5488
3679177,3679177,2023-05-26,670002401,14112
3679178,3679178,2023-05-26,G6674U108,49460
3679179,3679179,2023-05-26,67066G104,19725
3679180,3679180,2023-05-26,62944T105,5513
3679181,3679181,2023-05-26,29415F104,53498
3679182,3679182,2023-05-26,G6700G107,51928
3679183,3679183,2023-05-26,651229106,5520
3679184,3679184,2023-05-26,65249B208,44932
3679185,3679185,2023-05-26,65249B109,44931
3679186,3679186,2023-05-26,65336K103,25679
3679187,3679187,2023-05-26,649445103,22250
3679188,3679188,2023-05-26,650111107,5551
3679189,3679189,2023-05-26,756109104,12087
3679190,3679190,2023-05-26,690742101,32608
3679191,3679191,2023-05-26,679580100,5582
3679192,3679192,2023-05-26,670837103,5607
3679193,3679193,2023-05-26,68622V106,57331
3679194,3679194,2023-05-26,681936100,5621
3679195,3679195,2023-05-26,682680103,5634
3679196,3679196,2023-05-26,679295105,50758
3679197,3679197,2023-05-26,91347P105,14774
3679198,3679198,2023-05-26,681116109,49271
3679199,3679199,2023-05-26,680665205,5643
3679200,3679200,2023-05-26,679369108,58398
3679201,3679201,2023-05-26,681919106,5651
3679202,3679202,2023-05-26,68268W103,45670
3679203,3679203,2023-05-26,682189105,21429
3679204,3679204,2023-05-26,683712103,54288
3679205,3679205,2023-05-26,68389X105,5692
3679206,3679206,2023-05-26,680223104,5696
3679207,3679207,2023-05-26,67103H107,8857
3679208,3679208,2023-05-26,688239201,5719
3679209,3679209,2023-05-26,68902V107,54055
3679210,3679210,2023-05-26,69047Q102,23021
3679211,3679211,2023-05-26,09581B103,55479
3679212,3679212,2023-05-26,674599105,5729
3679213,3679213,2023-05-26,06417N103,17264
3679214,3679214,2023-05-26,695263103,21624
3679215,3679215,2023-05-26,70959W103,15913
3679216,3679216,2023-05-26,697435105,43202
3679217,3679217,2023-05-26,92556H206,7962
3679218,3679218,2023-05-26,92556H107,27970
3679219,3679219,2023-05-26,90364P105,56995
3679220,3679220,2023-05-26,70432V102,46744
3679221,3679221,2023-05-26,704326107,5767
3679222,3679222,2023-05-26,743606105,19509
3679223,3679223,2023-05-26,693718108,5787
3679224,3679224,2023-05-26,69331C108,5792
3679225,3679225,2023-05-26,74275K108,57389
3679226,3679226,2023-05-26,70438V106,46569
3679227,3679227,2023-05-26,69327R101,5907
3679228,3679228,2023-05-26,42250P103,3490
3679229,3679229,2023-05-26,744573106,5862
3679230,3679230,2023-05-26,705573103,15365
3679231,3679231,2023-05-26,70975L107,49413
3679232,3679232,2023-05-26,707569109,11361
3679233,3679233,2023-05-26,713448108,5885
3679234,3679234,2023-05-26,717081103,5923
3679235,3679235,2023-05-26,74251V102,23151
3679236,3679236,2023-05-26,71377A103,49455
3679237,3679237,2023-05-26,742718109,5938
3679238,3679238,2023-05-26,743315103,5950
3679239,3679239,2023-05-26,701094104,5956
3679240,3679240,2023-05-26,745867101,5969
3679241,3679241,2023-05-26,731068102,6992
3679242,3679242,2023-05-26,74051N102,45506
3679243,3679243,2023-05-26,72352L106,53089
3679244,3679244,2023-05-26,700517105,50535
3679245,3679245,2023-05-26,695156109,20773
3679246,3679246,2023-05-26,74340W103,24785
3679247,3679247,2023-05-26,72703H101,49322
3679248,3679248,2023-05-26,72815L107,55732
3679249,3679249,2023-05-26,69608A108,54833
3679250,3679250,2023-05-26,72919P202,20776
3679251,3679251,2023-05-26,718172109,35902
3679252,3679252,2023-05-26,693475105,6068
3679253,3679253,2023-05-26,72346Q104,23718
3679254,3679254,2023-05-26,G7S00T104,6082
3679255,3679255,2023-05-26,723484101,6090
3679256,3679256,2023-05-26,45784P101,33858
3679257,3679257,2023-05-26,73278L105,13718
3679258,3679258,2023-05-26,737446104,42407
3679259,3679259,2023-05-26,72147K108,39111
3679260,3679260,2023-05-26,693506107,6116
3679261,3679261,2023-05-26,69351T106,6119
3679262,3679262,2023-05-26,G97822103,6161
3679263,3679263,2023-05-26,74164M108,39434
3679264,3679264,2023-05-26,744320102,23328
3679265,3679265,2023-05-26,74460D109,24962
3679266,3679266,2023-05-26,74624M102,49464
3679267,3679267,2023-05-26,718546104,42788
3679268,3679268,2023-05-26,69370C100,6064
3679269,3679269,2023-05-26,70614W100,53535
3679270,3679270,2023-05-26,693656100,6257
3679271,3679271,2023-05-26,74762E102,6269
3679272,3679272,2023-05-26,723787107,17436
3679273,3679273,2023-05-26,70435P102,57843
3679274,3679274,2023-05-26,70450Y103,49242
3679275,3679275,2023-05-26,747525103,6295
3679276,3679276,2023-05-26,219798105,6297
3679277,3679277,2023-05-26,N72482123,15206
3679278,3679278,2023-05-26,74736K101,48384
3679279,3679279,2023-05-26,74767V109,54533
3679280,3679280,2023-05-26,783549108,6326
3679281,3679281,2023-05-26,90400D108,46285
3679282,3679282,2023-05-26,771049103,56436
3679283,3679283,2023-05-26,V7780T103,8863
3679284,3679284,2023-05-26,G3223R108,13720
3679285,3679285,2023-05-26,758849103,10027
3679286,3679286,2023-05-26,75886F107,6413
3679287,3679287,2023-05-26,76169C100,45111
3679288,3679288,2023-05-26,76171L106,53900
3679289,3679289,2023-05-26,7591EP100,34913
3679290,3679290,2023-05-26,759351604,9037
3679291,3679291,2023-05-26,759916109,6449
3679292,3679292,2023-05-26,780287108,6455
3679293,3679293,2023-05-26,74967X103,43599
3679294,3679294,2023-05-26,770323103,6465
3679295,3679295,2023-05-26,64828T201,44647
3679296,3679296,2023-05-26,76954A103,58822
3679297,3679297,2023-05-26,754730109,6482
3679298,3679298,2023-05-26,77311W101,54483
3679299,3679299,2023-05-26,751212101,24832
3679300,3679300,2023-05-26,761152107,13089
3679301,3679301,2023-05-26,76680R206,45521
3679302,3679302,2023-05-26,G7496G103,13267
3679303,3679303,2023-05-26,773903109,6536
3679304,3679304,2023-05-26,77543R102,51231
3679305,3679305,2023-05-26,775711104,6539
3679306,3679306,2023-05-26,776696106,6543
3679307,3679307,2023-05-26,778296103,6546
3679308,3679308,2023-05-26,749685103,6557
3679309,3679309,2023-05-26,G7709Q104,54267
3679310,3679310,2023-05-26,75281A109,19249
3679311,3679311,2023-05-26,758750103,6352
3679312,3679312,2023-05-26,759509102,11955
3679313,3679313,2023-05-26,760759100,19147
3679314,3679314,2023-05-26,75513E101,7883
3679315,3679315,2023-05-26,86771W105,49321
3679316,3679316,2023-05-26,714046109,20774
3679317,3679317,2023-05-26,74982T103,60708
3679318,3679318,2023-05-26,78351F107,57857
3679319,3679319,2023-05-26,754907103,11044
3679320,3679320,2023-05-26,81730H109,57661
3679321,3679321,2023-05-26,808625107,45410
3679322,3679322,2023-05-26,100557107,24822
3679323,3679323,2023-05-26,78410G104,20281
3679324,3679324,2023-05-26,855244109,6683
3679325,3679325,2023-05-26,84265V105,14284
3679326,3679326,2023-05-26,808513105,6704
3679327,3679327,2023-05-26,817565104,7110
3679328,3679328,2023-05-26,811543107,6761
3679329,3679329,2023-05-26,81211K100,6769
3679330,3679330,2023-05-26,784117103,6774
3679331,3679331,2023-05-26,860630102,6798
3679332,3679332,2023-05-26,81181C104,22563
3679333,3679333,2023-05-26,83601L102,55271
3679334,3679334,2023-05-26,824348106,6868
3679335,3679335,2023-05-26,82968B103,11901
3679336,3679336,2023-05-26,82982L103,49959
3679337,3679337,2023-05-26,83001A102,39612
3679338,3679338,2023-05-26,832696405,21935
3679339,3679339,2023-05-26,830566105,20284
3679340,3679340,2023-05-26,806857108,6928
3679341,3679341,2023-05-26,78440X887,17448
3679342,3679342,2023-05-26,827048109,16559
3679343,3679343,2023-05-26,78442P106,6935
3679344,3679344,2023-05-26,83200N103,51961
3679345,3679345,2023-05-26,810186106,6736
3679346,3679346,2023-05-26,833034101,6976
3679347,3679347,2023-05-26,80689H102,50763
3679348,3679348,2023-05-26,833445109,54694
3679349,3679349,2023-05-26,871607107,6994
3679350,3679350,2023-05-26,87161C501,7007
3679351,3679351,2023-05-26,87162W100,25697
3679352,3679352,2023-05-26,842587107,7011
3679353,3679353,2023-05-26,83406F102,55353
3679354,3679354,2023-05-26,835495102,7028
3679355,3679355,2023-05-26,84790A105,8414
3679356,3679356,2023-05-26,828806109,10528
3679357,3679357,2023-05-26,78409V104,4849
3679358,3679358,2023-05-26,848637104,42815
3679359,3679359,2023-05-26,L8681T102,51895
3679360,3679360,2023-05-26,848574109,32921
3679361,3679361,2023-05-26,852234103,49610
3679362,3679362,2023-05-26,84860W300,43414
3679363,3679363,2023-05-26,858912108,15581
3679364,3679364,2023-05-26,816851109,24778
3679365,3679365,2023-05-26,803607100,16999
3679366,3679366,2023-05-26,78467J100,39432
3679367,3679367,2023-05-26,784730103,15591
3679368,3679368,2023-05-26,G8060N102,39347
3679369,3679369,2023-05-26,G8473T100,7173
3679370,3679370,2023-05-26,858119100,16108
3679371,3679371,2023-05-26,857477103,7139
3679372,3679372,2023-05-26,85571B105,38668
3679373,3679373,2023-05-26,21036P108,24873
3679374,3679374,2023-05-26,866674104,10535
3679375,3679375,2023-05-26,854502101,7242
3679376,3679376,2023-05-26,83088M102,23821
3679377,3679377,2023-05-26,845467109,7244
3679378,3679378,2023-05-26,87165B103,47415
3679379,3679379,2023-05-26,863667101,7178
3679380,3679380,2023-05-26,87166B102,48027
3679381,3679381,2023-05-26,871829107,7285
3679382,3679382,2023-05-26,00206R102,6653
3679383,3679383,2023-05-26,60871R209,76
3679384,3679384,2023-05-26,88076W103,34661
3679385,3679385,2023-05-26,893641100,28161
3679386,3679386,2023-05-26,87918A105,49222
3679387,3679387,2023-05-26,879360105,7367
3679388,3679388,2023-05-26,049468101,49655
3679389,3679389,2023-05-26,09073M104,7373
3679390,3679390,2023-05-26,880770102,7401
3679391,3679391,2023-05-26,89832Q109,16850
3679392,3679392,2023-05-26,87240R107,33718
3679393,3679393,2023-05-26,879369106,7414
3679394,3679394,2023-05-26,87612E106,21090
3679395,3679395,2023-05-26,88033G407,5343
3679396,3679396,2023-05-26,410867105,13601
3679397,3679397,2023-05-26,885160101,7433
3679398,3679398,2023-05-26,872540109,7457
3679399,3679399,2023-05-26,887389104,7467
3679400,3679400,2023-05-26,883556102,7493
3679401,3679401,2023-05-26,872590104,33698
3679402,3679402,2023-05-26,875372203,45852
3679403,3679403,2023-05-26,894164102,32393
3679404,3679404,2023-05-26,889478103,7530
3679405,3679405,2023-05-26,888787108,58283
3679406,3679406,2023-05-26,88262P102,7551
3679407,3679407,2023-05-26,876030107,22099
3679408,3679408,2023-05-26,88023U101,25802
3679409,3679409,2023-05-26,89531P105,20028
3679410,3679410,2023-05-26,87612G101,40547
3679411,3679411,2023-05-26,896945201,42230
3679412,3679412,2023-05-26,896239100,7580
3679413,3679413,2023-05-26,74144T108,7590
3679414,3679414,2023-05-26,89400J107,49176
3679415,3679415,2023-05-26,89417E109,7041
3679416,3679416,2023-05-26,892356106,10869
3679417,3679417,2023-05-26,88160R101,39840
3679418,3679418,2023-05-26,902494103,7684
3679419,3679419,2023-05-26,G8994E103,4010
3679420,3679420,2023-05-26,891092108,7623
3679421,3679421,2023-05-26,88339J105,50288
3679422,3679422,2023-05-26,88162G103,8106
3679423,3679423,2023-05-26,874054109,16820
3679424,3679424,2023-05-26,892672106,53046
3679425,3679425,2023-05-26,88546E105,58227
3679426,3679426,2023-05-26,90138F102,50077
3679427,3679427,2023-05-26,88025U109,53474
3679428,3679428,2023-05-26,882508104,7671
3679429,3679429,2023-05-26,883203101,7674
3679430,3679430,2023-05-26,902252105,7681
3679431,3679431,2023-05-26,91332U101,54732
3679432,3679432,2023-05-26,904311206,49830
3679433,3679433,2023-05-26,904311107,27822
3679434,3679434,2023-05-26,910047109,28051
3679435,3679435,2023-05-26,90353T100,53158
3679436,3679436,2023-05-26,902653104,7715
3679437,3679437,2023-05-26,902681105,7739
3679438,3679438,2023-05-26,023586100,12141
3679439,3679439,2023-05-26,023586506,60738
3679440,3679440,2023-05-26,913903100,7749
3679441,3679441,2023-05-26,90353W103,42027
3679442,3679442,2023-05-26,90384S303,34953
3679443,3679443,2023-05-26,91324P102,7792
3679444,3679444,2023-05-26,91529Y106,7797
3679445,3679445,2023-05-26,907818108,7800
3679446,3679446,2023-05-26,91336L107,49138
3679447,3679447,2023-05-26,911312106,20940
3679448,3679448,2023-05-26,91680M107,55508
3679449,3679449,2023-05-26,911363109,18113
3679450,3679450,2023-05-26,902973304,25010
3679451,3679451,2023-05-26,912008109,50003
3679452,3679452,2023-05-26,91307C102,20306
3679453,3679453,2023-05-26,91823B109,54041
3679454,3679454,2023-05-26,92826C839,35920
3679455,3679455,2023-05-26,57164Y107,42125
3679456,3679456,2023-05-26,922475108,45667
3679457,3679457,2023-05-26,918204108,7949
3679458,3679458,2023-05-26,925652109,51734
3679459,3679459,2023-05-26,928254101,48943
3679460,3679460,2023-05-26,91913Y100,7990
3679461,3679461,2023-05-26,929160109,7998
3679462,3679462,2023-05-26,920253101,7897
3679463,3679463,2023-05-26,928563402,34545
3679464,3679464,2023-05-26,929042109,8014
3679465,3679465,2023-05-26,928881101,54786
3679466,3679466,2023-05-26,929089100,44645
3679467,3679467,2023-05-26,92345Y106,38817
3679468,3679468,2023-05-26,92343E102,18221
3679469,3679469,2023-05-26,92537N108,52281
3679470,3679470,2023-05-26,92532F100,8045
3679471,3679471,2023-05-26,92552V100,16307
3679472,3679472,2023-05-26,926400102,57845
3679473,3679473,2023-05-26,92840M102,50860
3679474,3679474,2023-05-26,92276F100,18821
3679475,3679475,2023-05-26,92556V106,55191
3679476,3679476,2023-05-26,92852X103,60896
3679477,3679477,2023-05-26,92047W101,50325
3679478,3679478,2023-05-26,92343V104,21839
3679479,3679479,2023-05-26,94419L101,47833
3679480,3679480,2023-05-26,929740108,13135
3679481,3679481,2023-05-26,957638109,27421
3679482,3679482,2023-05-26,941848103,13962
3679483,3679483,2023-05-26,931427108,8089
3679484,3679484,2023-05-26,934423104,36930
3679485,3679485,2023-05-26,947890109,8119
3679486,3679486,2023-05-26,95082P105,20163
3679487,3679487,2023-05-26,98138H101,43510
3679488,3679488,2023-05-26,958102105,8132
3679489,3679489,2023-05-26,96209A104,55030
3679490,3679490,2023-05-26,92939U106,8140
3679491,3679491,2023-05-26,95040Q104,3488
3679492,3679492,2023-05-26,95058W100,10293
3679493,3679493,2023-05-26,96208T104,27045
3679494,3679494,2023-05-26,949746101,8151
3679495,3679495,2023-05-26,98311A105,52028
3679496,3679496,2023-05-26,963320106,8178
3679497,3679497,2023-05-26,M98068105,45800
3679498,3679498,2023-05-26,960413102,26563
3679499,3679499,2023-05-26,94106L109,19181
3679500,3679500,2023-05-26,969457100,8214
3679501,3679501,2023-05-26,00790R104,47380
3679502,3679502,2023-05-26,931142103,8229
3679503,3679503,2023-05-26,977852102,8459
3679504,3679504,2023-05-26,71601V105,55710
3679505,3679505,2023-05-26,92936U109,21713
3679506,3679506,2023-05-26,084423102,916
3679507,3679507,2023-05-26,96145D105,49183
3679508,3679508,2023-05-26,971378104,49494
3679509,3679509,2023-05-26,969904101,8284
3679510,3679510,2023-05-26,942622200,8288
3679511,3679511,2023-05-26,955306105,8291
3679512,3679512,2023-05-26,97650W108,16703
3679513,3679513,2023-05-26,G9618E107,20315
3679514,3679514,2023-05-26,29670G102,6193
3679515,3679515,2023-05-26,G96629103,22857
3679516,3679516,2023-05-26,959802109,32603
3679517,3679517,2023-05-26,980745103,16425
3679518,3679518,2023-05-26,98156Q108,20818
3679519,3679519,2023-05-26,962166104,8326
3679520,3679520,2023-05-26,983134107,24124
3679521,3679521,2023-05-26,912909108,8329
3679522,3679522,2023-05-26,98389B100,21964
3679523,3679523,2023-05-26,30231G102,8347
3679524,3679524,2023-05-26,983793100,26287
3679525,3679525,2023-05-26,24906P109,8352
3679526,3679526,2023-05-26,98419M100,42023
3679527,3679527,2023-05-26,98585X104,52571
3679528,3679528,2023-05-26,988498101,17787
3679529,3679529,2023-05-26,98954M200,49315
3679530,3679530,2023-05-26,98956P102,23047
3679531,3679531,2023-05-26,989207105,8388
3679532,3679532,2023-05-26,98954M101,41730
3679533,3679533,2023-05-26,98980F104,54221
3679534,3679534,2023-05-26,989701107,8399
3679535,3679535,2023-05-26,98980L101,53095
3679536,3679536,2023-05-26,98980G102,51832
3679537,3679537,2023-05-26,98978V103,44060
